schema_version,pattern_id,pattern_slug,pattern_name,short_summary,ui_ux_type,ui_ux_rationale,category_id,category_slug,category_name,category_order,pattern_order,global_order,sub_pattern,definition,structural_signature,n_papers,n_central,n_venue_families,source_catalogue_row,legacy_category_code,legacy_category_name,pre_filter_category_code,pre_filter_category_name,status
1.0.0,pat-009,system-initiated-output-with-no-user-request,system-initiated output with no user request,Output is emitted without a user request immediately preceding it.,UX,Defines proactive system initiative and the experience of unsolicited assistance.,U01,initiative-and-intervention-timing,Initiative & Intervention Timing,1,1,1,Proactive Suggestions,"Output is emitted without a user request immediately preceding it. The trigger is a timer, a change in sensed or task state, or the system's own decision that intervention is warranted, and the user takes no action to summon what appears.","An output-producing edge in the control graph whose predecessor is not a user event: a clock, a state-change condition, or an internal decision step. There is no request object attributable to the user for that output, and the interface offers no control the user could have withheld to prevent it appearing at that moment.",193,122,10,9,P3,Proactive Assistance,C01,Initiative & Intervention Timing,active
1.0.0,pat-011,output-synchronized-to-the-live-activity-as-it-happens,output synchronized to the live activity as it happens,"The system emits its output in step with an activity that is unfolding independently — a conversation, a performance, a learning session, a walk through an environment — so that each output appears at the moment its referent occurs.",UX,Defines real-time coordination between assistance and an unfolding activity.,U01,initiative-and-intervention-timing,Initiative & Intervention Timing,1,2,2,,"The system emits its output in step with an activity that is unfolding independently — a conversation, a performance, a learning session, a walk through an environment — so that each output appears at the moment its referent occurs. Timing is part of the design, not an implementation detail: an output delivered late would be the wrong output. The pattern is about when material is shown, not what it contains.",An input stream is consumed continuously and each produced item is scheduled against a timestamp in that stream; the pipeline is held to a latency budget so that the item is presented while its referent is still current. There is no batch boundary between the activity and the output — the activity does not have to end for output to appear.,102,56,10,11,P3,Proactive Assistance,C01,Initiative & Intervention Timing,active
1.0.0,pat-012,live-updating-panel-co-located-with-the-working-surface,live-updating panel co-located with the working surface,A persistent region sits beside the surface the user is working on and shows generated content derived from that surface's current state.,UI,Defines a persistent interface region that refreshes beside the artifact.,U01,initiative-and-intervention-timing,Initiative & Intervention Timing,1,3,3,Proactive Suggestions,A persistent region sits beside the surface the user is working on and shows generated content derived from that surface's current state. It refreshes on its own as the work changes rather than when the user asks. The panel is not the artifact under construction; it is a running commentary on it.,"Two co-present regions with an asymmetric dependency: region A holds the user-authored state, region B renders a derived generation, and B is recomputed as a side effect of changes to A with no invocation step. B is typically read-only or non-committal — its content does not enter the artifact unless the user acts. The adjacency is spatial (margin, sidebar, docked panel) so that A and B are read together.",53,32,9,12,P3,Proactive Assistance,C01,Initiative & Intervention Timing,active
1.0.0,pat-013,the-intervention-deferred-to-after-the-activity-rather-than-interrupting-it,the intervention deferred to after the activity rather than interrupting it,"The system detects something during an ongoing activity but withholds any response until the activity has ended, then presents its findings and the user's controls in a dedicated step.",UX,Defines a non-interruptive assistance strategy and delayed review phase.,U01,initiative-and-intervention-timing,Initiative & Intervention Timing,1,4,4,Proactive Assistance with a Threshold,"The system detects something during an ongoing activity but withholds any response until the activity has ended, then presents its findings and the user's controls in a dedicated step. The activity itself runs without system intrusion. The design choice is the placement in time, and the paper argues for it explicitly against the interrupting alternative.","Two phases: during phase one the system observes and accumulates without emitting anything to the user; on the terminating event of phase one, phase two opens with the accumulated findings and a set of controls that act retroactively on phase-one material. Nothing the system produces is visible before the boundary, and phase-two actions can revise what phase one produced. Transplants to editing, driving, code review, form filling — anywhere an assist could have fired mid-stream.",22,12,5,13,P3,Proactive Assistance,C01,Initiative & Intervention Timing,active
1.0.0,pat-082,interaction-bounded-into-discrete-sessions-rather-than-running-continuously,interaction bounded into discrete sessions rather than running continuously,"Rather than an always-on stream, the system packages interaction into episodes with a defined opening and close.",UX,"Defines the opening, closing, and continuity model of the experience.",U01,initiative-and-intervention-timing,Initiative & Intervention Timing,1,5,5,,"Rather than an always-on stream, the system packages interaction into episodes with a defined opening and close. Each session covers a bounded slice of material and ends; the next session is a new episode rather than a continuation of the same thread. The boundary is imposed by the system, not by the user walking away.","Control flow is a repeated cycle with an entry condition and a terminal state: material is admitted at session start, processed through a fixed internal flow, and the session closes, after which no further turns belong to it. Session boundaries are visible as flow-diagram endpoints and as scoping for what the system may reference. Transplants to any continuous process that could have been left running — monitoring, tutoring, journaling, review.",37,8,5,82,P19,Retained Interaction State,C01,Initiative & Intervention Timing,active
1.0.0,pat-090,suggestion-summoned-on-demand-inside-the-working-surface,suggestion summoned on demand inside the working surface,"A generated continuation is produced at the user's current position in the artifact being edited, and only when the user fires a control to ask for it.",UI,Defines an inline invocation affordance and insertion point within the editor.,U01,initiative-and-intervention-timing,Initiative & Intervention Timing,1,6,6,,"A generated continuation is produced at the user's current position in the artifact being edited, and only when the user fires a control to ask for it. The user does not leave the editing surface to make the request or to receive the result.","A single user-triggered control whose output is inserted at the current insertion point of the same editable surface. There is no separate request window and no navigation step; when the control is not fired, nothing is generated, so the output's position and timing are both determined by the user's cursor and keystroke.",42,20,8,90,P21,Fixed Surface Composition,C01,Initiative & Intervention Timing,active
1.0.0,pat-015,the-system-questions-the-user-and-the-answers-become-the-input,the system questions the user and the answers become the input,"The system takes the interrogative turn: it poses questions — clarification prompts, structured fields, interview turns — and the user's answers, rather than a user-composed prompt, constitute the specification the system works from.",UX,Structures specification as an elicitation dialogue rather than a single prompt.,U02,input-context-and-specification,"Input, Context & Specification",2,1,7,Structured Guidance through Stages,"The system takes the interrogative turn: it poses questions — clarification prompts, structured fields, interview turns — and the user's answers, rather than a user-composed prompt, constitute the specification the system works from. The usual prompt-then-generate direction is inverted.","A system-authored question precedes any user content at the head of the loop, and each reply is written into the input record consumed by the next stage. The set of questions determines which slots of the specification exist, so the user never composes a full specification unprompted.",166,116,9,15,P4,Branching Dialogue,C02,Input & Specification,active
1.0.0,pat-022,extracted-keywords-or-attributes-exposed-as-control-handles,extracted keywords or attributes exposed as control handles,"The system derives a set of discrete terms, attributes, or dimensions from the material at hand and then puts that derived set on screen as the thing the user manipulates.",UI,"Turns inferred concepts into editable chips, sliders, weights, or selections.",U02,input-context-and-specification,"Input, Context & Specification",2,2,8,Editing a Generated Draft,"The system derives a set of discrete terms, attributes, or dimensions from the material at hand and then puts that derived set on screen as the thing the user manipulates. The user steers subsequent behaviour by editing, weighting, selecting or deselecting members of the extracted set rather than by rewriting free text. The set is content-specific: a different input yields a different set of handles.","A derivation step produces a finite list of named items from the current input; those items are rendered as individually addressable widgets (chips, rows, sliders, editable fields); manipulating them re-parameterizes the downstream operation. The handle set is regenerated when the input changes, so the control panel's contents are data-dependent rather than fixed at design time.",90,65,9,22,P5,Editable Generation Pipeline,C02,Input & Specification,active
1.0.0,pat-027,demonstration-or-example-as-the-specification,demonstration or example as the specification,"Instead of describing what they want, the user supplies one or more instances of it, and the system generalizes or inverts those instances into the operative specification.",UX,Lets users communicate intent by showing desired behavior or outcomes.,U02,input-context-and-specification,"Input, Context & Specification",2,3,9,Editing a Generated Draft,"Instead of describing what they want, the user supplies one or more instances of it, and the system generalizes or inverts those instances into the operative specification. The supplied artifact is treated as a definition of desired behaviour, not merely as content to draw on. What the system produces from it — a template, a constraint graph, a set of control states, a reusable action — is what governs subsequent generation.","The input slot accepts finished exemplars; an induction step converts them into a reusable structure (template, constraint set, parameter assignment, recorded macro); that structure, and not the exemplars, is what conditions later runs and what the user can edit. Adding or removing exemplars changes the induced structure.",42,31,8,27,P5,Editable Generation Pipeline,C02,Input & Specification,active
1.0.0,pat-032,generation-conditioned-on-the-users-own-material,generation conditioned on the user's own material,"An artifact the user already possesses or has produced — a draft, a collection, a document, a physical or staged arrangement, their own prior judgments — is ingested and used as the input the generation is conditioned on.",UX,Makes existing user artifacts the contextual basis of generation.,U02,input-context-and-specification,"Input, Context & Specification",2,4,10,Structured Format with Predefined Fields,"An artifact the user already possesses or has produced — a draft, a collection, a document, a physical or staged arrangement, their own prior judgments — is ingested and used as the input the generation is conditioned on. The user supplies material rather than a description of what they want. The output is a function of that material.","The system exposes an ingestion path for a user-owned artifact (upload, parse, encode, capture) and routes it into the generator as conditioning state, either directly or after an encoding step. The generation cannot run without that artifact; changing it changes the output. The material is pre-existing with respect to the interaction — it is not authored in order to specify the request.",303,199,11,32,P6,Parameterized Personalization,C02,Input & Specification,active
1.0.0,pat-034,a-system-or-generation-property-exposed-as-a-level-the-user-sets,a system or generation property exposed as a level the user sets,"A property of the system or of its output is bound to an ordered control the user sets to a value — a slider, a numbered keypress, a discrete set of levels, a spatial distance.",UI,Maps a persistent system property to an ordered control.,U02,input-context-and-specification,"Input, Context & Specification",2,5,11,Predefined Parameters and Options,"A property of the system or of its output is bound to an ordered control the user sets to a value — a slider, a numbered keypress, a discrete set of levels, a spatial distance. Setting the value re-runs or re-renders under the new setting. The dimension exists before any particular content and persists across generations.","A named parameter with an ordered range (short/moderate/long; 1D distance; temperature; abstraction level) is surfaced as a persistent control widget bound to that range. The control does not create content; it scales an already-defined property of whatever content is produced, and the same control is available for every output. Multiple such parameters may be exposed together as a configuration panel.",129,54,11,34,P6,Parameterized Personalization,C02,Input & Specification,active
1.0.0,pat-035,a-fixed-set-of-predefined-prompts-attached-to-each-unit-of-content,a fixed set of predefined prompts attached to each unit of content,"Instead of an open input box, the system attaches the same small, named menu of prepared prompts to every content unit it holds.",UI,Places a predictable prompt-action menu on every content item.,U02,input-context-and-specification,"Input, Context & Specification",2,6,12,Predefined Parameters and Options,"Instead of an open input box, the system attaches the same small, named menu of prepared prompts to every content unit it holds. Invoking one runs its prompt against that unit. The user's expressive choice is reduced to picking which of the fixed actions to apply and to which unit.","The content is partitioned into units; a fixed vocabulary of n named actions is defined once, system-wide; each unit exposes all n as invocable affordances, and invocation binds (action, unit) into a generation call. The action set does not vary by unit and is not editable by the user, so the interaction space is exactly units × actions. Transplants to any repository of units — a codebase with a fixed per-function action menu, a document set with a fixed per-section menu.",34,18,8,35,P6,Parameterized Personalization,C02,Input & Specification,active
1.0.0,pat-039,spatial-arrangement-on-a-canvas-is-the-prompt,spatial arrangement on a canvas is the prompt,The user places elements on an open two-dimensional surface and the system reads their positions and relations as specification.,UI,"Uses canvas position, grouping, and connection as the specification surface.",U02,input-context-and-specification,"Input, Context & Specification",2,7,13,Spatial Sensemaking Canvas,"The user places elements on an open two-dimensional surface and the system reads their positions and relations as specification. Proximity, grouping, and connections between elements determine what is generated, so moving an element changes the request. The canvas replaces a linear prompt field as the place where intent is expressed.","Elements are freely positionable on an unbounded surface; the system's input is derived from the configuration — coordinates, distances, containment, or explicit links — and not only from the elements' contents. Rearranging without changing any element's content still changes the system's output.",42,25,9,39,P8,Spatial Canvas Workspace,C02,Input & Specification,active
1.0.0,pat-040,sketch-or-drawn-stroke-as-the-generation-input,sketch or drawn stroke as the generation input,"The user's freehand mark — a stroke, a scribble, an arrow, a drawn layout — is taken as input to generation, either alongside or in place of a written prompt.",UI,Uses drawn geometry as a direct input channel.,U02,input-context-and-specification,"Input, Context & Specification",2,8,14,Sketch-Based Input,"The user's freehand mark — a stroke, a scribble, an arrow, a drawn layout — is taken as input to generation, either alongside or in place of a written prompt. The mark's geometry and its position carry specification, not merely selection. Each drawing pass conditions the next generated result, so drawing is the steering channel.","A drawing surface captures freehand vector input; the captured strokes are passed to the generator as conditioning signal; the generated result is returned into or beside the same surface so it can be drawn on again. The stroke's shape and placement are consumed as content, so two different strokes in the same location yield different results.",77,65,9,40,P9,Direct-Manipulation Steering,C02,Input & Specification,active
1.0.0,pat-059,inferred-or-declared-user-state-selects-the-systems-next-behavior,inferred or declared user state selects the system's next behavior,"The system holds a variable describing the user — mental state, intent, goal, emotion, skill level — and its current value selects among enumerated alternative behaviors: different strategies, presentation forms, or difficulty settings.",UX,"Adapts strategy or presentation to intent, emotion, skill, or goal.",U02,input-context-and-specification,"Input, Context & Specification",2,9,15,Context-Aware Adaptation,"The system holds a variable describing the user — mental state, intent, goal, emotion, skill level — and its current value selects among enumerated alternative behaviors: different strategies, presentation forms, or difficulty settings. The same task content is routed through different branches depending on the value.","A discrete branch, lookup table, or mapping between a state variable and a fixed set of named alternative behaviors, evaluated before output is produced. The alternatives are enumerable and the mapping is authored at design time, so the behavior set is finite and the state variable is the only thing selecting among its members.",112,81,10,59,P15,Inference-Driven Personalization,C09,"Context, Personalization & Learning",active
1.0.0,pat-092,natural-language-instruction-replaces-direct-manipulation-of-the-artifact,natural-language instruction replaces direct manipulation of the artifact,"The user states in language what they want to be true of the artifact, and the system performs the corresponding edit or retrieval.",UX,Reframes interaction from procedural control to outcome-oriented conversation.,U02,input-context-and-specification,"Input, Context & Specification",2,10,16,,"The user states in language what they want to be true of the artifact, and the system performs the corresponding edit or retrieval. Language stands in for the direct-manipulation repertoire that would otherwise be used — selecting a function, adjusting a control, issuing a query. The substitution is the claim: the manipulation handles are not offered alongside.","The artifact has an established non-linguistic control vocabulary (transformation functions, palette editors, query forms, element handles). The interface exposes a text or utterance field as the operative control over that artifact, parses the utterance into the operation, and applies it; the user names an outcome rather than a procedure. The artifact itself remains a separate object from the language channel — the utterance is about it, not an entry in it.",107,75,11,92,P22,Substituted Control Vocabulary,C02,Input & Specification,active
1.0.0,pat-093,familiar-metaphor-imported-as-the-interaction-surface,familiar metaphor imported as the interaction surface,"The system borrows the vocabulary of an already-known artifact — a spreadsheet, a paint palette, a plant, a social feed — and uses it wholesale as the surface through which the user acts, rather than devising controls specific to the underlying operation.",UI,Builds the interface from the objects and actions of a known domain.,U02,input-context-and-specification,"Input, Context & Specification",2,11,17,,"The system borrows the vocabulary of an already-known artifact — a spreadsheet, a paint palette, a plant, a social feed — and uses it wholesale as the surface through which the user acts, rather than devising controls specific to the underlying operation. The borrowed source supplies both the visual encoding and the set of legal actions.","The interface presents the objects of a source domain external to the system and accepts that domain's operations as its input actions; each such action is translated into a system operation, so the two sets stand in one-to-one correspondence. What is on screen is the source domain's objects and their legal actions, whether or not the paper states the mapping.",67,39,8,93,P22,Substituted Control Vocabulary,C02,Input & Specification,active
1.0.0,pat-033,schema-or-template-constrains-what-the-model-may-emit,schema or template constrains what the model may emit,"A structure declared in advance — a schema, slot set, section skeleton, or typed taxonomy — determines the form the model's output must take.",UI,"Presents generated output through predefined fields, sections, or structural slots.",U03,constraints-safety-and-agency,"Constraints, Safety & Agency",3,1,18,Structured Format with Predefined Fields,"A structure declared in advance — a schema, slot set, section skeleton, or typed taxonomy — determines the form the model's output must take. Generation is validated against or rendered into that structure rather than emitted as free text. The structure exists at the type level: it applies to every output the system produces, not just this one.","A named structure with enumerated parts (fields, sections, component types, category labels) is defined independently of any single generation and is stored in the system. The generator's output is emitted into, checked against, or parsed by that structure, and downstream rendering is per-part: each part gets its own visual slot, colour, or handle. Outputs that do not conform are corrected or rejected before display.",291,148,11,33,P6,Parameterized Personalization,C04,"Constraints, Safety & Agency",active
1.0.0,pat-067,user-authored-criteria-or-constraint-set-governing-generation,user-authored criteria or constraint set governing generation,"The user builds up a standing set of rules, principles, or preferences that is stored outside any single generation and consulted on every subsequent run.",UX,Gives users persistent governance over future system behavior.,U03,constraints-safety-and-agency,"Constraints, Safety & Agency",3,2,19,,"The user builds up a standing set of rules, principles, or preferences that is stored outside any single generation and consulted on every subsequent run. Entries are authored by the user, usually in natural language, and the set is displayed as an inspectable, editable list. The set governs generation as a persistent policy rather than as a one-off instruction.","A named collection with add / edit / remove / reorder operations, persisted across generations and rendered as a list. Each entry originates from a user act (typed preference, feedback on an output converted into a rule, an imported written protocol) and is compiled into something the generator consults — a prompt fragment, an executable predicate, a decoding constraint, an ordering. Priority among entries may be expressed by position in the list rather than by numeric weight.",50,31,10,67,P17,Bounded Output Envelope,C04,"Constraints, Safety & Agency",active
1.0.0,pat-068,the-system-withholds-the-answer-and-hands-the-step-back-to-the-user,the system withholds the answer and hands the step back to the user,The system runs the pipeline that would produce a terminal output but does not emit that output.,UX,Preserves an essential cognitive or creative step for the person.,U03,constraints-safety-and-agency,"Constraints, Safety & Agency",3,3,20,,"The system runs the pipeline that would produce a terminal output but does not emit that output. What it emits instead is one step short — candidates, marked passages, correctness without the answer, questions — and the person supplies the missing final step.","The last stage of the pipeline is truncated at the presentation boundary: what reaches the screen is an intermediate of the process whose end product is withheld, and the interface exposes no control that reveals it. The user's action supplies the terminal value, so the loop cannot close without a human act.",46,31,9,68,P17,Bounded Output Envelope,C04,"Constraints, Safety & Agency",active
1.0.0,pat-071,regions-the-user-did-not-mark-protected-from-generation,regions the user did not mark protected from generation,"Part of the working artifact is designated off-limits and the generator is prevented from altering it, with the designation produced by the system rather than drawn by the user.",UX,Establishes a preservation contract around existing user-authored material.,U03,constraints-safety-and-agency,"Constraints, Safety & Agency",3,4,21,,"Part of the working artifact is designated off-limits and the generator is prevented from altering it, with the designation produced by the system rather than drawn by the user. The user contributes the artifact and, implicitly, its already-authored parts; the system works out what must be preserved and enforces that during generation. Generation is thereby restricted to the complement of the protected set.","The artifact is partitioned into a protected subset and a mutable subset; the partition is computed (by segmentation, or by provenance of who authored each element) rather than selected; generation is then executed under a constraint or penalty that forbids modifying, overwriting or occluding the protected subset. Two things are needed and both are observable: an automatic partition step, and an enforcement mechanism at generation time. Transplants to text (generate around the user's own sentences), code (do not touch hand-written blocks), layout, audio.",11,6,6,71,P17,Bounded Output Envelope,C04,"Constraints, Safety & Agency",active
1.0.0,pat-072,output-rendered-at-a-fixed-low-fidelity-with-no-higher-fidelity-mode,output rendered at a fixed low fidelity with no higher-fidelity mode,"The system renders its output below the fidelity it could achieve, using a sparse representation and minimal accompanying text.",UI,Uses intentionally unfinished presentation to invite user contribution.,U03,constraints-safety-and-agency,"Constraints, Safety & Agency",3,5,22,,"The system renders its output below the fidelity it could achieve, using a sparse representation and minimal accompanying text. The reduction is deliberate and stated as a design goal, not a technical limit. What is withheld — detail, finish, specificity — is what the user is expected to supply.","A ceiling is imposed on the rendering stage: outputs are emitted in a low-detail representation (outline instead of full render, one line instead of a paragraph) uniformly across all outputs, with no affordance to raise the fidelity. The invariant is that the representation underdetermines the artifact — many finished artifacts are consistent with what is shown. Transplants to wireframes instead of mockups, outlines instead of prose, thumbnails instead of masters.",8,4,3,72,P17,Bounded Output Envelope,C04,"Constraints, Safety & Agency",active
1.0.0,pat-073,deliberately-narrowed-output-bandwidth-to-a-nonvisual-channel,deliberately narrowed output bandwidth to a nonvisual channel,"The system's return channel is deliberately restricted to a low-capacity, nonvisual modality, so that whatever the process produced must be compressed into a signal of very few distinguishable states.",UI,"Encodes system state through a deliberately limited auditory, tactile, or other signal.",U03,constraints-safety-and-agency,"Constraints, Safety & Agency",3,6,23,,"The system's return channel is deliberately restricted to a low-capacity, nonvisual modality, so that whatever the process produced must be compressed into a signal of very few distinguishable states. The restriction is a design commitment, not a device limitation. What can be reported back is thereby reduced to something like presence, completion, or success versus failure.","The output side of the loop is capped: the set of distinguishable system responses is small and finite (in the limit, binary), and is delivered on a channel with no persistent surface — the signal is transient and cannot be re-read. Consequences follow structurally: no detail can accompany the signal, and any richer state must be discarded or re-requested through some other route. Transplants to a single LED, a one-line status beep, a wristband buzz — anywhere the return path is intentionally made narrow.",2,2,1,73,P17,Bounded Output Envelope,C04,"Constraints, Safety & Agency",active
1.0.0,pat-002,generated-candidates-offered-for-the-user-to-pick-among,generated candidates offered for the user to pick among,At a single decision point the system emits more than one alternative for the same request and presents them together as a set.,UI,Presents a visible choice set at a single decision point.,U04,alternatives-and-comparative-exploration,Alternatives & Comparative Exploration,4,1,24,Multiple Suggestions Shown Together,At a single decision point the system emits more than one alternative for the same request and presents them together as a set. The user's control is exercised by choosing one member of the set rather than by editing or re-specifying. The chosen item is committed downstream and the unchosen ones are discarded or backgrounded.,"Control flow forks at one point into N ≥ 2 outputs of the same type, all rendered simultaneously in a bounded display region (a row, a side-by-side triple, a separate list beside the working surface). A selection event on one member is the commit action: it writes that member into the downstream state and terminates the other branches. The multiplicity is in the outputs, not in the operations offered over one output, and the set is resolved in a single act.",234,137,11,2,P2,Parallel Alternatives,C05,Alternatives & Comparative Exploration,active
1.0.0,pat-004,two-artifacts-placed-side-by-side-for-comparison,two artifacts placed side by side for comparison,Two or more instances of the same kind of artifact are displayed simultaneously in parallel regions so that their differences can be read off directly.,UI,Uses aligned parallel regions to make differences directly readable.,U04,alternatives-and-comparative-exploration,Alternatives & Comparative Exploration,4,2,25,Side-by-Side Comparison,Two or more instances of the same kind of artifact are displayed simultaneously in parallel regions so that their differences can be read off directly. The layout is the mechanism: nothing is computed for the user beyond alignment and co-presence. Which instances occupy the slots may itself be user-selectable.,"Two or more renderings of comparable objects occupy spatially parallel regions at the same time, with corresponding parts aligned across regions. The comparison quantity is the visual difference between regions, and the display may add a diff encoding over the alignment. Slot assignment is a user action (""select any two…"") or a fixed before/after pairing.",87,28,10,4,P2,Parallel Alternatives,C05,Alternatives & Comparative Exploration,active
1.0.0,pat-005,branching-or-freely-ordered-structure-instead-of-a-linear-sequence,branching or freely-ordered structure instead of a linear sequence,"The interaction is organized as a tree or open graph in which alternatives coexist, rather than as a single ordered track the user advances along.",UX,"Supports forking, revisiting, and switching among persistent paths.",U04,alternatives-and-comparative-exploration,Alternatives & Comparative Exploration,4,3,26,Exploring Generated Alternatives,"The interaction is organized as a tree or open graph in which alternatives coexist, rather than as a single ordered track the user advances along. The user can fork off a side path, pick a different branch, or take steps in an order of their choosing, and the alternatives remain live rather than being replaced. The branching structure is often itself the interface object.","State is held as multiple simultaneously extant paths from a shared origin; a control exists for creating a new path and for switching which path is active; paths are displayed together (as a tree, a canvas of branches, or parallel panels) so their coexistence is visible. Advancing along one path does not destroy the others.",58,44,9,5,P2,Parallel Alternatives,C05,Alternatives & Comparative Exploration,active
1.0.0,pat-006,one-prompt-fanned-out-to-several-models-in-parallel,one prompt fanned out to several models in parallel,"A single user request is dispatched unchanged to several distinct models at once, and their outputs are returned together.",UI,Presents attributed outputs from multiple models in a shared comparison frame.,U04,alternatives-and-comparative-exploration,Alternatives & Comparative Exploration,4,4,27,Multiple Suggestions Shown Together,"A single user request is dispatched unchanged to several distinct models at once, and their outputs are returned together. The variation the user sees comes from the difference between generators rather than from sampling one generator repeatedly. The outputs are attributable to their sources and set against each other.","Fan-out control flow: one input, n parallel invocations differing only in which backend is called, n outputs collected and presented in a common frame with source attribution. The key structural fact is that the *generator* is the varied dimension while the input is held constant — the inverse of perturbation probing. Transplants to any plural-backend setting: several solvers, several translation engines, several search indices.",28,14,6,6,P2,Parallel Alternatives,C05,Alternatives & Comparative Exploration,active
1.0.0,pat-007,perturb-then-compare-probing-of-the-model,perturb-then-compare probing of the model,"The interface takes an input the model has already been run on, applies a controlled alteration to it, re-runs the model, and presents the altered-input output against the original one.",UX,Structures exploration as a controlled counterfactual test followed by comparison.,U04,alternatives-and-comparative-exploration,Alternatives & Comparative Exploration,4,5,28,Side-by-Side Comparison,"The interface takes an input the model has already been run on, applies a controlled alteration to it, re-runs the model, and presents the altered-input output against the original one. The alteration is authored or parameterized by the user, and its known content is what makes the resulting difference readable. The comparison, not either output alone, is the thing the user is given.","Control flow: for a held input x, the system constructs one or more variants x' by a user-specified transformation rule (granularity, target, magnitude), executes the same model on x and each x', and joins the outputs into a paired or batched display keyed to the transformation that produced each. The distinguishing structure is that the delta is *induced by the interface* rather than found in the data, so the manipulated dimension is known to the system and can be used as the organizing axis of the display. This transplants: the same signature describes a spreadsheet what-if sweep, a compiler flag sweep, or an injected-decoy audit of a retrieval index.",22,20,8,7,P2,Parallel Alternatives,C05,Alternatives & Comparative Exploration,active
1.0.0,pat-008,feedforward-preview-of-a-controls-outcome-before-acting,feedforward preview of a control's outcome before acting,"Each control carries, on the control itself, a rendering of what its range would produce if used.",UI,Embeds representative outcomes directly into a control before commitment.,U04,alternatives-and-comparative-exploration,Alternatives & Comparative Exploration,4,6,29,,"Each control carries, on the control itself, a rendering of what its range would produce if used. The previews are sampled along the control's axis and are recomputed against the current state of every other control, so what is shown is the actual composed outcome, not an isolated illustration. The user therefore chooses a setting by looking rather than by trying.","For a control with a continuous or ordered domain, the system samples k positions in that domain, evaluates the full system output at each while holding all other controls at their present values, and renders the k results laid out along the control's own geometry. Any change to any control invalidates and re-renders every other control's samples. The two load-bearing properties are co-location of preview with control and joint conditioning across controls. Transplants to filter chains, parameter panels, configuration UIs of any kind.",2,1,1,8,P2,Parallel Alternatives,C05,Alternatives & Comparative Exploration,active
1.0.0,pat-041,two-inputs-blended-or-interpolated-into-one-result,two inputs blended or interpolated into one result,The user selects two or more existing items and invokes an operation whose product is a single fused result rather than either operand.,UI,Provides a manipulation for visibly combining source artifacts into a new output.,U04,alternatives-and-comparative-exploration,Alternatives & Comparative Exploration,4,7,30,Latent Space Navigation,"The user selects two or more existing items and invokes an operation whose product is a single fused result rather than either operand. The blend may be continuous (interpolation along a mixing control) or discrete (a synthesized recombination). The operands remain identifiable as the things being combined, and the fusion is the system's contribution.","An operator takes two or more selected items as arguments and returns a result in the same space as the arguments; where the mixing is continuous, a control exposes the position between operands. Selecting the operands and invoking the operator are separate acts, and the result can itself become an operand.",40,28,7,41,P9,Direct-Manipulation Steering,C05,Alternatives & Comparative Exploration,active
1.0.0,pat-010,system-filled-content-left-editable-in-place,system-filled content left editable in place,"The system pre-populates the working artifact with generated content that occupies its final position, and the user's task begins from that filled state.",UI,Places generated material directly in its final editable surface.,U05,artifact-editing-and-revision,Artifact Editing & Revision,5,1,31,Automatic Execution,"The system pre-populates the working artifact with generated content that occupies its final position, and the user's task begins from that filled state. The content is directly editable where it sits rather than being accepted or rejected as a block. The starting point is a draft, not a blank.","Generated material is written into the artifact's own slots before the user acts, so the artifact is non-empty at first contact. Edit affordances operate on the material in place — the same handles the user would have for their own content — and there is no separate accept step gating it into the artifact. The generated portion may be marked (highlighted as adaptable, listed as alternatives) but it is already committed.",122,60,9,10,P3,Proactive Assistance,C06,Artifact Editing & Revision,active
1.0.0,pat-018,segmented-into-discrete-units-each-individually-addressable,"segmented into discrete units, each individually addressable","A continuous artifact is partitioned into named units, and each unit becomes an independently addressable object.",UI,Gives artifact parts persistent identities and per-unit controls.,U05,artifact-editing-and-revision,Artifact Editing & Revision,5,2,32,Persistent Structured Representation,"A continuous artifact is partitioned into named units, and each unit becomes an independently addressable object. Operations that would otherwise apply to the whole — editing, regenerating, tagging, attributing — apply per unit. The partition is materialized on screen, and its boundaries may themselves be adjustable.","A single artifact is divided into a set of non-overlapping parts, each given an identity (a name, a type label, a card, a row). Each part carries its own handles, so the artifact has as many operation targets as it has parts, all simultaneously present. Segmentation may be automatic or user-adjusted, but the resulting units persist as the unit of interaction rather than dissolving back into the whole.",167,91,10,18,P5,Editable Generation Pipeline,C06,Artifact Editing & Revision,active
1.0.0,pat-019,propose-critique-revise-iteration-loop-over-the-same-artifact,propose-critique-revise iteration loop over the same artifact,The system opens with a concrete proposal rather than an empty field; the user reacts to it; the reaction becomes an input that yields a revised version of the same artifact.,UX,Defines repeated co-creation around one persistent artifact.,U05,artifact-editing-and-revision,Artifact Editing & Revision,5,3,33,,The system opens with a concrete proposal rather than an empty field; the user reacts to it; the reaction becomes an input that yields a revised version of the same artifact. The cycle repeats without returning to a blank specification.,"A cycle in the control graph in which the previous output is carried into the next call together with the user's critique. Artifact identity persists across iterations — the next state is an edit of the current one, not an independent draw — so the state at round n depends on rounds 1 through n-1.",157,78,11,19,P5,Editable Generation Pipeline,C06,Artifact Editing & Revision,active
1.0.0,pat-021,the-operation-scoped-to-the-region-or-location-the-user-marks,the operation scoped to the region or location the user marks,The user designates a sub-extent of the artifact and the generative operation applies to exactly that extent.,UI,"Uses selections, masks, or spatial marks to delimit generation.",U05,artifact-editing-and-revision,Artifact Editing & Revision,5,4,34,Editing a Generated Draft,"The user designates a sub-extent of the artifact and the generative operation applies to exactly that extent. What lies outside the designation is not rewritten. The mark carries no content of its own: it says where, not what.","The artifact admits addressing of proper sub-extents (a text selection, a painted mask, a stroke set, a pane, a spatial region). A designation act records one such extent as the current scope; the operation's write set is bounded by it and the complement is held fixed; the result is composited back into the original at the marked position. The scope is re-designatable and the operation is otherwise the same regardless of which extent is chosen.",102,58,9,21,P5,Editable Generation Pipeline,C06,Artifact Editing & Revision,active
1.0.0,pat-024,the-model-emits-a-program-or-parameterized-template-rather-than-the-finished-artifact,the model emits a program or parameterized template rather than the finished artifact,"The model's output is not the artifact the user wanted but a generator of it: code, a hierarchical program, or a parameterized template that must be executed or instantiated to yield the artifact.",UI,Makes an editable generator or template the control surface for downstream artifacts.,U05,artifact-editing-and-revision,Artifact Editing & Revision,5,5,35,Persistent Structured Representation,"The model's output is not the artifact the user wanted but a generator of it: code, a hierarchical program, or a parameterized template that must be executed or instantiated to yield the artifact. The user's subsequent edits act on that intermediate producer, and re-running it with different arguments yields a family of artifacts. The finished object is downstream of the model's output, not identical to it.","Pipeline: prompt → program/template → execution → artifact. The program is a first-class, addressable object with named parts (functions, operators, parameters) and it persists after the artifact is rendered, so re-execution under different bindings is available without re-invoking the model. Diagnostic: changing an argument changes the artifact with no new generation call. Transplants to any output medium with an executable description language — layout, geometry, music, documents.",66,56,9,24,P5,Editable Generation Pipeline,C03,Generation & Model Orchestration,active
1.0.0,pat-029,an-existing-artifact-reverse-engineered-into-an-editable-representation,an existing artifact reverse-engineered into an editable representation,"A finished artifact that the system did not produce is decomposed back into an underlying structure — data table, encoding spec, component graph, layered representation — and that recovered structure becomes the object the user manipulates.",UI,"Exposes recovered structure such as components, layers, data, or encoding specifications.",U05,artifact-editing-and-revision,Artifact Editing & Revision,5,6,36,Persistent Structured Representation,"A finished artifact that the system did not produce is decomposed back into an underlying structure — data table, encoding spec, component graph, layered representation — and that recovered structure becomes the object the user manipulates. The original rendered form is treated as output whose source has been lost and must be reconstructed. Editing happens on the recovered structure, not on the surface.","An ingestion step takes a rendered or compiled artifact and emits a structured representation of it (typed nodes, fields, layers, specs); that representation is bound to the editing surface, and changes to it re-render the artifact. The recovery is inverse to the artifact's own production pipeline, and the representation is richer than the surface it was derived from.",23,16,8,29,P5,Editable Generation Pipeline,C06,Artifact Editing & Revision,active
1.0.0,pat-030,two-representations-kept-synchronized-and-editable-from-either-side,two representations kept synchronized and editable from either side,"Two or more views of the same underlying object are shown at once, each of them editable, and an edit in any one propagates to the others.",UI,Provides bidirectional editing across multiple views of the same object.,U05,artifact-editing-and-revision,Artifact Editing & Revision,5,7,37,Persistent Structured Representation,"Two or more views of the same underlying object are shown at once, each of them editable, and an edit in any one propagates to the others. Neither view is subordinate: the user may work in whichever is convenient and the system reconciles them. The conversion runs in both directions rather than compiling one representation into the other.","A shared model backs multiple concurrently displayed representations; each representation has write access to the model; a propagation step updates the sibling representations after any write. The loop is closed — starting in representation A, converting to B, and editing B returns a valid state in A.",20,17,7,30,P5,Editable Generation Pipeline,C06,Artifact Editing & Revision,active
1.0.0,pat-095,manual-authoring-path-retained-beside-the-generated-one,manual authoring path retained beside the generated one,"Alongside the generative route, the interface keeps a route by which the user authors the same material directly: a free-text field, editable nodes, a custom operation, a user-added prompt.",UX,Preserves choice between direct creation and AI assistance throughout the task.,U05,artifact-editing-and-revision,Artifact Editing & Revision,5,8,38,,"Alongside the generative route, the interface keeps a route by which the user authors the same material directly: a free-text field, editable nodes, a custom operation, a user-added prompt. Neither route is a fallback mode; both are available at the same time.","Two input routes converge on the same artifact slot — one generated, one hand-authored — with no mode switch between them, and the artifact can record contributions from both. Removing the generator leaves the interface still operable for that slot; the slot's schema is identical whichever route filled it.",121,33,11,95,P23,Standing Control Path,C06,Artifact Editing & Revision,active
1.0.0,pat-096,fixed-disposition-set-offered-on-every-suggestion,fixed disposition set offered on every suggestion,"Every system-produced item arrives with the same small, closed set of actions attached to it, so the user's response to any suggestion is drawn from a uniform vocabulary.",UI,"Attaches consistent controls such as accept, edit, regenerate, insert, or ignore to each item.",U05,artifact-editing-and-revision,Artifact Editing & Revision,5,9,39,,"Every system-produced item arrives with the same small, closed set of actions attached to it, so the user's response to any suggestion is drawn from a uniform vocabulary. The unit of disposition is the individual item, not the batch. The specific set varies by system — accept/regenerate/edit, replace/abstract, insert/ignore — but its fixity and its per-item attachment are what the pattern names.","Each generated item is rendered with a co-located control group whose members are identical across items and constant across the session; activating a member commits a disposition for that item alone and leaves other items untouched. The set is enumerable and closed, and there is no path for disposing of items that is not in the set.",49,21,8,96,P23,Standing Control Path,C06,Artifact Editing & Revision,active
1.0.0,pat-097,the-run-can-be-suspended-redirected-or-exited-mid-flight,"the run can be suspended, redirected or exited mid-flight","A process that would otherwise run to completion is made interruptible: the user can halt it, change its parameters while it continues, or leave it before it ends.",UX,Gives users ongoing agency over a non-atomic process.,U05,artifact-editing-and-revision,Artifact Editing & Revision,5,10,40,,"A process that would otherwise run to completion is made interruptible: the user can halt it, change its parameters while it continues, or leave it before it ends. The intervention lands during execution, not before it starts or after it returns. The unit of generation or simulation is thereby made non-atomic.","The executing process exposes a control channel that remains live while it runs; commands on that channel (pause, substitute a parameter, resume, abort) take effect on the in-flight run rather than queueing for the next one. The system therefore holds partial state that is valid to inspect and to modify mid-execution.",36,23,8,97,P23,Standing Control Path,C06,Artifact Editing & Revision,active
1.0.0,pat-016,explicit-control-structure-over-dialogue-turns,explicit control structure over dialogue turns,"The sequence of conversational turns is governed by an authored control structure — a finite state machine, a protocol tree, a fixed phase sequence, a structured prompting scheme — rather than by the model's turn-by-turn discretion.",UX,Defines allowable conversational states and transitions.,U06,workflow-history-and-session-structure,"Workflow, History & Session Structure",6,1,41,,"The sequence of conversational turns is governed by an authored control structure — a finite state machine, a protocol tree, a fixed phase sequence, a structured prompting scheme — rather than by the model's turn-by-turn discretion. The structure is a designed object, sometimes authorable by non-programmers.","A graph or ordered stage list exists as an inspectable (often editable) object: nodes carry what the agent says or does, edges carry conditions evaluated on the interlocutor's response. The current node is persistent state, and a transition is computed at every turn, so the reachable next turns are a function of position in the structure.",98,74,9,16,P4,Branching Dialogue,C07,"Workflow, History & Session Structure",active
1.0.0,pat-017,fixed-staged-pipeline-the-user-is-walked-through,fixed staged pipeline the user is walked through,Work advances through an ordered series of stages that is fixed by the designer before the user arrives.,UX,Organizes work as a stable designer-authored sequence.,U06,workflow-history-and-session-structure,"Workflow, History & Session Structure",6,2,42,Step-by-Step Workflow,"Work advances through an ordered series of stages that is fixed by the designer before the user arrives. The interface makes the ordering visible and moves the user along it, one stage at a time. Iteration within a stage or between neighbouring stages may be permitted, but the sequence itself is not authored by the user.","A stage list S1…Sn exists in the system independent of any particular input, and each stage has its own module, section, or screen. The surface encodes the order (sections laid out in workflow order, a guided sequence of overlays, a chain of modules each consuming the previous one's output), and advancement is by completing or passing a stage rather than by free navigation. The number and identity of stages are constant across runs.",347,229,11,17,P5,Editable Generation Pipeline,C07,"Workflow, History & Session Structure",active
1.0.0,pat-023,the-task-decomposed-into-parts-handled-one-at-a-time,the task decomposed into parts handled one at a time,"A goal supplied at runtime is broken into smaller sub-parts, and the parts are produced or handled serially rather than in one shot.",UX,"Turns a runtime goal into inspectable, sequential sub-tasks.",U06,workflow-history-and-session-structure,"Workflow, History & Session Structure",6,3,43,,"A goal supplied at runtime is broken into smaller sub-parts, and the parts are produced or handled serially rather than in one shot. The decomposition is derived from the particular goal, so its shape varies with the input. Each part surfaces as its own step that can be inspected or edited before the next is taken.","An input goal is transformed into an ordered list of sub-parts whose length and identity are computed per input (by the system, the user, or both). Each sub-part is executed or generated separately, in sequence, and appears as a discrete step in the interface; the final artifact is assembled from the parts. The sequence exists only for this goal — a different goal yields a different sequence.",85,64,10,23,P5,Editable Generation Pipeline,C07,"Workflow, History & Session Structure",active
1.0.0,pat-080,revisitable-history-versioning-and-replay,"revisitable history, versioning and replay",Prior states and actions are retained as first-class records rather than discarded when superseded.,UX,"Makes prior states available for restoration, continuation, branching, or playback.",U06,workflow-history-and-session-structure,"Workflow, History & Session Structure",6,4,44,,"Prior states and actions are retained as first-class records rather than discarded when superseded. The interface exposes them as a navigable set the user can return to, resume from, or play back in time order. History is an object in the system, not just a side effect of use.","Every state change appends an addressable record (a version, a modification entry, an accept/reject/edit event, a timestamped frame). The interface renders the record set as a navigable structure — a list, a stream, a timeline — and supports two operations over it: returning to a past state and continuing from there, and traversing the sequence in temporal order. Records survive the session and the same view may serve live and retrospective inspection.",96,36,9,80,P19,Retained Interaction State,C07,"Workflow, History & Session Structure",active
1.0.0,pat-001,linked-views-where-selecting-one-element-highlights-its-counterpart,linked views where selecting one element highlights its counterpart,"Two or more display regions show the same underlying items under different encodings, and a correspondence between them is maintained and made visible.",UI,Coordinates multiple representations through visible correspondence.,U07,explanation-inspection-and-verification,"Explanation, Inspection & Verification",7,1,45,,"Two or more display regions show the same underlying items under different encodings, and a correspondence between them is maintained and made visible. Acting on an element in one region changes the rendering of its counterpart in the others. The correspondence is the interface's claim: nothing shown in one view is orphaned from its counterpart elsewhere.","A set of items has more than one simultaneous rendering, and the system holds an identity mapping between renderings. A selection, brush, or hover event in region A triggers a rendering change (highlight, filter, scroll, annotation) on the mapped elements in region B, with the mapping stable across interactions. As clustered, the category also contains members where the correspondence is a fixed link from an output element to its source span rather than an interactive coordination — see the review flag.",126,64,10,1,P1,Source-Linked Outputs,C08,"Explanation, Inspection & Verification",active
1.0.0,pat-020,inspectable-intermediate-representation-between-input-and-output,inspectable intermediate representation between input and output,The pipeline from input to output passes through a named intermediate artifact that is rendered for the user to read.,UI,Renders an intermediate artifact for reading or editing before final output.,U07,explanation-inspection-and-verification,"Explanation, Inspection & Verification",7,2,46,Editing a Generated Draft,"The pipeline from input to output passes through a named intermediate artifact that is rendered for the user to read. That intermediate — a sentence, a block of code, a set of extracted entities, a prompt — is the object the user inspects and often edits, and the final output is produced from it. The mediation is deliberate: the system refuses to map input straight to output.","Between the user's input and the delivered artifact sits at least one representation that is (a) materialized as a distinct object in the system, (b) displayed in a human-readable form, and (c) actually consumed by the next stage to produce the output. Editing or rejecting the intermediate changes the output; the output cannot be produced without passing through it. Some members of this cluster are load-bearing on inspectability alone (the human reads the intermediate and makes the decision) rather than on editability.",105,82,11,20,P5,Editable Generation Pipeline,C08,"Explanation, Inspection & Verification",active
1.0.0,pat-025,the-models-interpretation-of-the-input-externalized-on-screen,the model's interpretation of the input externalized on screen,"The system displays its own reading of what the user supplied — the construal, the inferred intent, the context it thinks it is in — as a first-class object rather than only acting on it.",UI,Makes inferred intent or context visible and potentially correctable.,U07,explanation-inspection-and-verification,"Explanation, Inspection & Verification",7,3,47,Editing a Generated Draft,"The system displays its own reading of what the user supplied — the construal, the inferred intent, the context it thinks it is in — as a first-class object rather than only acting on it. The user can therefore see where the system's understanding diverges from their own, and in several cases can edit that understanding directly. The displayed object stands between the user's input and whatever the system produces next.","An inference step over the user's input emits a named artifact (graph, keyword overlay, natural-language restatement, schema instance) that is rendered persistently on screen; downstream behaviour is conditioned on that artifact. Where the artifact is editable, edits to it — not to the original input — are the channel by which the user corrects the system.",60,43,9,25,P5,Editable Generation Pipeline,C08,"Explanation, Inspection & Verification",active
1.0.0,pat-028,the-agents-plan-rendered-on-screen-before-execution,the agent's plan rendered on screen before execution,"Before acting, the system displays the sequence of actions it intends to take, and that display persists as the actions are carried out.",UI,"Presents intended actions as a persistent plan, diagram, or step list.",U07,explanation-inspection-and-verification,"Explanation, Inspection & Verification",7,4,48,Editing a Generated Draft,"Before acting, the system displays the sequence of actions it intends to take, and that display persists as the actions are carried out. The plan is a visible object with its own structure — a diagram, a step list, a lookahead lane — and in several systems it is editable, so the user can alter the plan rather than react to its results. Commitment status may be encoded so the user can tell which parts are still revisable.","A planning step emits an ordered structure of forthcoming operations that is rendered before any of them executes; execution then advances through that structure while it remains on screen. Where the structure is editable, edits to unexecuted elements change what will run; visual encoding distinguishes executed, committed, and still-provisional elements.",25,20,8,28,P5,Editable Generation Pipeline,C08,"Explanation, Inspection & Verification",active
1.0.0,pat-031,pre-send-inspection-of-what-is-about-to-leave,pre-send inspection of what is about to leave,"A checkpoint is interposed between composing content and transmitting it, at which the outgoing payload is displayed to the user together with the system's assessment of it.",UX,Inserts a deliberate review and correction checkpoint before transmission.,U07,explanation-inspection-and-verification,"Explanation, Inspection & Verification",7,5,49,Editing a Generated Draft,"A checkpoint is interposed between composing content and transmitting it, at which the outgoing payload is displayed to the user together with the system's assessment of it. The user can edit, redact, or abstract before the content crosses the boundary. The design commitment is that the intervention is visible and happens on the user's side of the transmission.","Transmission is gated by a review state in which the exact payload is rendered, annotated with system-computed marks or scores, and made editable; the send proceeds only from that state, and edits made there change what is transmitted. The processing that produces the annotation runs before the boundary crossing, so the gate is client-side with respect to the recipient.",16,14,4,31,P5,Editable Generation Pipeline,C08,"Explanation, Inspection & Verification",active
1.0.0,pat-036,drill-down-from-aggregate-overview-to-individual-instance,drill-down from aggregate overview to individual instance,"The same collection is presented at more than one level of granularity, from an aggregate summary down to a single item.",UI,Provides navigation across levels of granularity.,U07,explanation-inspection-and-verification,"Explanation, Inspection & Verification",7,6,50,Hierarchical Exploration,"The same collection is presented at more than one level of granularity, from an aggregate summary down to a single item. Interaction at a coarser level selects the population shown at the finer level. The finest level exposes the individual case behind the aggregate.","A hierarchy of at least two views over one collection, ordered by an aggregation relation: the coarse view displays a function of many items, the fine view displays items themselves. A selection in the coarse view is a filter that defines the fine view's contents, and the levels are simultaneously present or one-click reachable. The ordering is asymmetric — the fine level cannot substitute for the coarse one.",123,53,10,36,P7,Coordinated Visual Analytics,C08,"Explanation, Inspection & Verification",active
1.0.0,pat-037,corpus-laid-out-as-a-spatial-map-as-the-browse-surface,corpus laid out as a spatial map as the browse surface,"A large collection of items is projected into a two-dimensional layout, and that layout — not a list, not a feed — is the primary surface the user navigates.",UI,Uses a two-dimensional similarity layout as the primary exploration interface.,U07,explanation-inspection-and-verification,"Explanation, Inspection & Verification",7,7,51,Embedding Projection,"A large collection of items is projected into a two-dimensional layout, and that layout — not a list, not a feed — is the primary surface the user navigates. Position encodes relatedness computed by the system, so proximity is meaningful. Queries and selections act on the map by re-weighting or re-highlighting it rather than by returning a separate result list.","A layout algorithm assigns each item a position in a shared 2-D space from a computed similarity or relation structure; the resulting arrangement is rendered as a pannable/zoomable canvas that is the main navigation control. Interaction operates on positions and neighbourhoods, and any query result is expressed as a change to the map's state rather than as a new view.",59,40,9,37,P7,Coordinated Visual Analytics,C08,"Explanation, Inspection & Verification",active
1.0.0,pat-038,model-internals-rendered-as-an-inspectable-view,model internals rendered as an inspectable view,"Quantities from inside the computation — attention weights, token or answer ranks, per-head importance, the spans the model relied on — are surfaced as a view the user can read and manipulate.",UI,"Visualizes attention, rankings, relied-upon spans, or other computational quantities.",U07,explanation-inspection-and-verification,"Explanation, Inspection & Verification",7,8,52,Analytics Dashboard,"Quantities from inside the computation — attention weights, token or answer ranks, per-head importance, the spans the model relied on — are surfaced as a view the user can read and manipulate. What is displayed is not the output but the machinery that produced it. The view supports operations over those quantities, such as ranking, pruning, or comparing them.","The display is bound to intermediate values captured during inference rather than to the emitted result; those values are aggregated or projected into a view with its own controls (metric selectors, per-unit comparison, ablation toggles). Changing a control re-derives the view from the same captured values without re-running the user's task.",39,30,10,38,P7,Coordinated Visual Analytics,C08,"Explanation, Inspection & Verification",active
1.0.0,pat-051,disclosure-of-how-the-output-was-produced,disclosure of how the output was produced,"Alongside an output, the system displays information about how that output came about: the derivation of a score, a confidence value, an uncertainty estimate, a quality diagnosis, or the agent's own stated reasoning.",UI,"Places provenance, confidence, uncertainty, or reasoning beside an output.",U07,explanation-inspection-and-verification,"Explanation, Inspection & Verification",7,9,53,,"Alongside an output, the system displays information about how that output came about: the derivation of a score, a confidence value, an uncertainty estimate, a quality diagnosis, or the agent's own stated reasoning. The disclosure adds no new task content.","A secondary display element bound one-to-one to a primary output element, carrying process metadata rather than task content. Its content is produced by or read from the producing pipeline, not from the user's material; removing it leaves the output intact and the task still performable.",165,98,9,51,P13,Verification Signals,C08,"Explanation, Inspection & Verification",active
1.0.0,pat-052,a-per-unit-attribute-encoded-by-colour-or-typography-in-the-content-itself,a per-unit attribute encoded by colour or typography in the content itself,"Every unit of displayed content — a word, line, span, or segment — carries a value on some attribute, and that value is rendered by altering the appearance of the unit in place: colour, opacity, weight.",UI,Uses styling to encode values directly on content units.,U07,explanation-inspection-and-verification,"Explanation, Inspection & Verification",7,10,54,,"Every unit of displayed content — a word, line, span, or segment — carries a value on some attribute, and that value is rendered by altering the appearance of the unit in place: colour, opacity, weight. The attribute is read off the content itself rather than from a separate annotation layer or panel.","A one-to-one map from content units to attribute values, rendered as a visual variable of each unit; the content's text, order, and layout are unchanged, so stripping the encoding restores the original artifact exactly. The display allocates no separate region to the attribute, and the number of encoded marks equals the number of content units.",86,28,10,52,P13,Verification Signals,C08,"Explanation, Inspection & Verification",active
1.0.0,pat-053,flagged-spans-highlighted-in-place-with-detail-revealed-on-demand,flagged spans highlighted in place with detail revealed on demand,The system marks particular locations inside the user's content and attaches a deeper layer of material to each mark that is not shown until the user asks for it.,UI,Combines lightweight inline indicators with expandable detail.,U07,explanation-inspection-and-verification,"Explanation, Inspection & Verification",7,11,55,Span-Level Error Localization & Inline Highlight,"The system marks particular locations inside the user's content and attaches a deeper layer of material to each mark that is not shown until the user asks for it. The first layer is a lightweight in-content indicator; the second is an expandable panel, popup, or tab bar holding explanation, alternatives, or scores. Detail is thus staged rather than presented all at once.","Per-unit annotations are rendered inline at their source location; each annotation is an interactive trigger (hover, click, expand) that opens a secondary container holding additional per-unit material. Collapsing the container returns the display to the marked-but-undetailed state, so the content view never carries the full detail at rest.",43,22,8,53,P13,Verification Signals,C08,"Explanation, Inspection & Verification",active
1.0.0,pat-054,the-models-judgment-placed-alongside-the-persons-own,the model's judgment placed alongside the person's own,"The interface puts the system's assessment next to the user's own assessment of the same thing, so the two can be read against each other.",UX,Structures reflection by having users compare committed human and AI assessments.,U07,explanation-inspection-and-verification,"Explanation, Inspection & Verification",7,12,56,,"The interface puts the system's assessment next to the user's own assessment of the same thing, so the two can be read against each other. Typically the user commits to a position first and the model's position is then revealed, with a further step in which the user may revise. The juxtaposition, and the divergence it exposes, is the designed object.","Two verdicts over the same item are held in the interface — one produced by the user, one by the system — and are displayed in the same view or in a fixed temporal order (user commits, system reveals, user re-decides). A revision affordance follows the reveal, and the difference between the two verdicts is itself rendered or computed.",30,26,6,54,P13,Verification Signals,C08,"Explanation, Inspection & Verification",active
1.0.0,pat-055,a-single-aggregate-score-as-the-summary-readout,a single aggregate score as the summary readout,"Many underlying events or measurements are collapsed into one number on a fixed scale, and that number is the interface's headline element.",UI,Compresses underlying evidence into a bounded headline value.,U07,explanation-inspection-and-verification,"Explanation, Inspection & Verification",7,13,57,,"Many underlying events or measurements are collapsed into one number on a fixed scale, and that number is the interface's headline element. The score stands in for the history that produced it; the individual contributions are not the readout. Its bounded range gives the user a position rather than a raw quantity.","An accumulator over a stream of events is displayed as one scalar on a declared bounded interval, occupying a persistent, prominent slot in the layout. Structurally: many-to-one reduction, fixed range, single display element, updated as events arrive. No per-event breakdown is required for the pattern to hold, and the reduction function is the system's, not the user's. Transplants to any domain that scores a stream — a credit-style rating, a code-health number, a fitness ring.",17,6,2,55,P13,Verification Signals,C08,"Explanation, Inspection & Verification",active
1.0.0,pat-042,persona-or-stance-assigned-to-the-agent,persona or stance assigned to the agent,"A character specification — a name, personality, social role, or narrative voice — is attached to the generative agent and held constant across its turns.",UX,"Establishes a persistent social role, voice, or perspective for the AI.",U08,agent-identity-and-multi-party-roles,Agent Identity & Multi-Party Roles,8,1,58,Role-Playing Agent,"A character specification — a name, personality, social role, or narrative voice — is attached to the generative agent and held constant across its turns. It is treated as a design element that can be set, swapped, or compared, independent of the task the agent performs.","A persistent specification slot, separate from turn-level content, is applied to every generated turn. Changing only that slot changes the voice and role of all subsequent output while task, inputs, and every other interface element stay fixed; the slot is a controlled variable of the system, not a property of any one response.",256,181,10,42,P10,Personified Agents,C10,Agent Identity & Multi-Party Roles,active
1.0.0,pat-044,a-generated-scenario-the-user-enters-as-a-participant,a generated scenario the user enters as a participant,The system generates a bounded scenario and places the user inside it as a participant rather than as an operator addressing a tool.,UX,Frames interaction as role-play inside a bounded situation rather than tool operation.,U08,agent-identity-and-multi-party-roles,Agent Identity & Multi-Party Roles,8,2,59,Role-Playing Agent,"The system generates a bounded scenario and places the user inside it as a participant rather than as an operator addressing a tool. The user acts in role, and the model plays the other parties or the environment; the run can be repeated. What the user produces during the run is behaviour in the scenario, not a request to the model.","Control flow: a setup step fixes the scenario's parameters (topic, role, self-representation), after which the interface switches into an in-scenario mode where the user's turns are read as actions of a participant and the model's turns are read as the world's response. The scenario has an entry and an exit, and re-entry restarts it rather than continuing it. The signature is the *frame switch* — user input stops being instructions to a system and becomes conduct inside a generated world. Transplants to sales rehearsal, incident drills, or a generated market a strategy is tested against.",85,66,9,44,P10,Personified Agents,C10,Agent Identity & Multi-Party Roles,active
1.0.0,pat-045,several-co-present-participants-around-one-system,several co-present participants around one system,"More than one party is present at the same system instance at the same time — two humans, a dyad, a group, or humans plus a population of agents — and the design allocates distinct roles among them.",UX,"Organizes a shared experience for multiple humans, agents, or mixed groups.",U08,agent-identity-and-multi-party-roles,Agent Identity & Multi-Party Roles,8,3,60,,"More than one party is present at the same system instance at the same time — two humans, a dyad, a group, or humans plus a population of agents — and the design allocates distinct roles among them. The system is addressed to the configuration rather than to a single user.","At least two simultaneous role slots on one system instance, each with its own input rights, and system behavior that depends on which role acted. Removing one participant leaves the interaction structurally incomplete — a role goes unfilled — rather than merely reducing the number of users.",164,119,10,45,P11,Role-Based Collaboration,C10,Agent Identity & Multi-Party Roles,active
1.0.0,pat-047,role-asymmetric-surfaces-over-one-system,role-asymmetric surfaces over one system,"One system presents deliberately different surfaces to different classes of participant, so what each party can see and do depends on their role.",UI,"Gives participant classes different views, information, controls, or communication channels over shared state.",U08,agent-identity-and-multi-party-roles,Agent Identity & Multi-Party Roles,8,4,61,,"One system presents deliberately different surfaces to different classes of participant, so what each party can see and do depends on their role. The asymmetry is designed rather than incidental: some information is withheld from one side, or an extra channel exists for the other. The parties nonetheless act on a shared underlying state.",A single backend serves two or more role-specific front-ends or channels whose contents differ by construction; a role assignment determines which view a session receives; at least one channel is private to one role. State written by any role is visible to the others only through their own role's view.,88,55,9,47,P11,Role-Based Collaboration,C10,Agent Identity & Multi-Party Roles,active
1.0.0,pat-048,the-model-fills-all-but-one-role-of-a-multi-party-procedure,the model fills all but one role of a multi-party procedure,"A procedure defined over two or more roles is run by one person alone, with the model filling every role but theirs.",UX,Converts a coordinated group activity into a single-user experience supported by AI roles.,U08,agent-identity-and-multi-party-roles,Agent Identity & Multi-Party Roles,8,5,62,AI-Mediated Collaboration,"A procedure defined over two or more roles is run by one person alone, with the model filling every role but theirs. The scheduling and co-presence requirements disappear; the activity becomes asynchronous and single-user. The interaction retains the shape of the multi-party original.","The system takes a procedure defined over n≥2 human participants and reassigns all roles but one to the model, leaving a single-user loop that runs at the remaining participant's own pace. Structurally: role count unchanged, human count reduced to one, synchronization constraint removed. Observable in the paper as a mapping from the multi-party procedure's roles onto the agent's behaviours. Transplants to pair programming, moderated review, negotiation practice, peer critique.",88,63,10,48,P11,Role-Based Collaboration,C10,Agent Identity & Multi-Party Roles,active
1.0.0,pat-084,the-systems-participants-presented-as-one-kind-of-entity-while-composed-of-another,the system's participants presented as one kind of entity while composed of another,"The system presents itself to its users as one kind of thing while operating as another, and the discrepancy is a designed property rather than an omission.",UX,"Designs the experience around perceived identity, concealment, and eventual reveal.",U08,agent-identity-and-multi-party-roles,Agent Identity & Multi-Party Roles,8,6,63,,"The system presents itself to its users as one kind of thing while operating as another, and the discrepancy is a designed property rather than an omission. The concealment is held for a defined period, and the moment of revealing is itself scheduled into the control flow. Users' interpretations before and after the reveal are both part of the design.","Two descriptions of the system co-exist: the description presented in the interface, and the actual composition of the entities behind it. Only the first is available to users while the system runs. The signature is the mismatch between the two, and it is independent of what is being concealed. Transplants to any system with participants whose nature can be misdescribed — a marketplace, a review site, a game lobby.",3,2,2,84,P20,Concealed System Basis,C10,Agent Identity & Multi-Party Roles,active
1.0.0,pat-094,the-artifact-under-construction-embodied-as-the-interlocutor,the artifact under construction embodied as the interlocutor,"The object the user is authoring is instantiated as a conversational agent, and the user develops it by talking to it in character rather than by editing a representation of it.",UX,Collapses editing and testing into conversation with the artifact itself.,U08,agent-identity-and-multi-party-roles,Agent Identity & Multi-Party Roles,8,7,64,,"The object the user is authoring is instantiated as a conversational agent, and the user develops it by talking to it in character rather than by editing a representation of it. Answers the agent gives become part of the object's specification. Editing and testing collapse into the same act.","The work object's current specification is bound to an agent's conditioning; the user's only interaction surface with that object is dialogue with the agent so conditioned; the agent's replies are treated as further content of the object, feeding back into the specification. Structurally: the artifact's state and the interlocutor's state are the same state, and there is no separate editable rendering of the object. Transplants wherever an artifact can be voiced — a product spec interviewed as a ""customer"", a policy queried as itself.",7,3,4,94,P22,Substituted Control Vocabulary,C10,Agent Identity & Multi-Party Roles,active
1.0.0,pat-026,successive-workflow-stages-sharing-state-in-a-single-environment,successive workflow stages sharing state in a single environment,"Task stages that were previously carried out in distinct tools, windows, or databases are placed inside one environment where they share state.",UI,Consolidates previously separate tools or windows into one state-sharing workspace.,U09,workspace-layout-and-tool-integration,Workspace Layout & Tool Integration,9,1,65,Step-by-Step Workflow,"Task stages that were previously carried out in distinct tools, windows, or databases are placed inside one environment where they share state. The consolidation itself, rather than any individual stage, is what the design claims.","One application shell containing two or more stages of a workflow whose state is shared, such that the output of one stage is directly addressable in another with no export/import step. Only half of this is observable in the artifact — several stage regions plus shared state; the ""previously separate"" half is a claim about prior tooling, and cannot be read off the interface.",56,30,9,26,P5,Editable Generation Pipeline,C11,Workspace Layout & Tool Integration,active
1.0.0,pat-057,open-dialogue-running-alongside-the-artifact-being-viewed,open dialogue running alongside the artifact being viewed,"A free-form conversational channel is live at the same time as a non-conversational artifact the user is attending to, and the turns are about that artifact.",UI,Keeps an artifact and a conversation about it simultaneously available.,U09,workspace-layout-and-tool-integration,Workspace Layout & Tool Integration,9,2,66,Chat-Based Interaction,"A free-form conversational channel is live at the same time as a non-conversational artifact the user is attending to, and the turns are about that artifact. The artifact persists on display; the dialogue neither replaces it nor is required to advance it.","Two concurrently live regions (possibly on two devices): one holds a persistent artifact that is not consumed by the exchange, the other accepts an unbounded number of user-authored natural-language turns scoped to that artifact. Removing the dialogue channel leaves the artifact usable; removing the artifact leaves the dialogue without a referent.",122,67,10,57,P14,Interactive Summaries,C11,Workspace Layout & Tool Integration,active
1.0.0,pat-086,workspace-partitioned-into-fixed-functional-panels,workspace partitioned into fixed functional panels,"The screen is divided into a fixed number of persistent regions, each with an assigned function that does not change during use.",UI,Assigns stable roles to persistent workspace regions.,U09,workspace-layout-and-tool-integration,Workspace Layout & Tool Integration,9,3,67,,"The screen is divided into a fixed number of persistent regions, each with an assigned function that does not change during use. The partition is stated as a design decision: which functions get their own region, and where each sits. Regions may differ in what they permit, for instance which of them accepts typing.","A stable spatial decomposition of one workspace into n named regions, each bound to a function (input, corpus, codebook, canvas, generated output, controls). Region identity and position persist across the session; content changes inside a region but its role does not. Spatial arrangement may encode something further — process order, or an editability asymmetry between regions.",413,174,11,86,P21,Fixed Surface Composition,C11,Workspace Layout & Tool Integration,active
1.0.0,pat-087,two-alternative-presentation-modes-for-the-same-content,two alternative presentation modes for the same content,"The same content is made available under two different presentation or interaction disciplines, and a selection determines which is in force.",UI,Provides switchable interaction disciplines over one content payload.,U09,workspace-layout-and-tool-integration,Workspace Layout & Tool Integration,9,4,68,,"The same content is made available under two different presentation or interaction disciplines, and a selection determines which is in force. The modes differ in how the content is reached and acted on, not in what the content is. Only one mode operates at a time.","One content payload, two renderings with distinct interaction rules (push stream vs. pull query; predetermined navigation vs. free-form questioning; freeform text vs. structured fields; whole-document vs. extracted-terms conditioning), and a mode selector that makes one active. The modes are alternatives at the same point in the flow — either can serve the same user need — and switching between them does not change the underlying content. In several members the two modes are never both available to the same user; there the selector is the experimenter's assignment rather than a control (see the review flag).",203,109,11,87,P21,Fixed Surface Composition,C11,Workspace Layout & Tool Integration,active
1.0.0,pat-088,assistance-grafted-into-an-existing-tool-page-or-workflow,"assistance grafted into an existing tool, page or workflow","The generative capability is attached to a host artifact that the system did not author — a third-party application, a web page, a chat client, an established workflow.",UI,Anchors AI functions to identifiable locations in a host surface.,U09,workspace-layout-and-tool-integration,Workspace Layout & Tool Integration,9,5,69,,"The generative capability is attached to a host artifact that the system did not author — a third-party application, a web page, a chat client, an established workflow. The host keeps its own structure and remains usable without the addition. The design move is the attachment point: where in the host the capability is inserted.","Two separable layers exist: a pre-existing host surface with its own controls and content, and an added layer (plugin, browser extension overlay, injected step, docked component) that renders generated content into or beside the host. The added layer is anchored to identifiable host locations — particular spans of host content, particular stages of the host's flow, particular composition steps — and the anchoring, not the generation, is what the paper specifies. Detaching the layer leaves the host intact.",169,126,11,88,P21,Fixed Surface Composition,C11,Workspace Layout & Tool Integration,active
1.0.0,pat-089,scrollable-chat-log-surface-with-a-text-entry-area,scrollable chat-log surface with a text-entry area,The interaction surface is a vertically scrolling transcript of alternating turns with a persistent composition area anchored below it.,UI,Uses an append-only transcript above a persistent composition region.,U09,workspace-layout-and-tool-integration,Workspace Layout & Tool Integration,9,6,70,,"The interaction surface is a vertically scrolling transcript of alternating turns with a persistent composition area anchored below it. The transcript is the record and the display at once: earlier turns remain addressable by scrolling, and new turns append to the end. Nothing about the layout is specialized to the task; the same surface would serve any turn-taking exchange.","Two regions: an append-only scrollable list of turn elements attributed to a speaker, and a fixed input region containing a text field plus a send affordance. New content enters at one end; the viewport auto-follows or can be scrolled back; history persists in the same region it was produced in. This is fully statable without reference to what the turns are about, which is precisely why it recurs across unrelated domains.",133,30,9,89,P21,Fixed Surface Composition,C11,Workspace Layout & Tool Integration,active
1.0.0,pat-091,the-agents-presence-and-actions-shown-inside-the-shared-artifact,the agent's presence and actions shown inside the shared artifact,"The system's activity is rendered within the work surface itself — as cursors, marks, live strokes, or attached companions — instead of being confined to a separate conversation panel.",UI,"Renders agent cursors, marks, strokes, or companions in the artifact's coordinate space.",U09,workspace-layout-and-tool-integration,Workspace Layout & Tool Integration,9,7,71,,"The system's activity is rendered within the work surface itself — as cursors, marks, live strokes, or attached companions — instead of being confined to a separate conversation panel. The user sees where the agent is and what it is touching while they continue to work in the same space. Presence cues are persistent and positioned relative to the artifact's content.","Agent state is drawn in the same coordinate space as the user's content, anchored to specific locations or to the pointer, and updates while the user is acting rather than only between turns. There is no separate container that owns the agent; removing the artifact view would remove the agent's visible form.",21,13,5,91,P21,Fixed Surface Composition,C11,Workspace Layout & Tool Integration,active
1.0.0,pat-043,embodied-character-or-avatar-as-the-agents-form,embodied character or avatar as the agent's form,"The agent is given a rendered body — an animated character, a 3-D figure, an on-screen avatar, a participant tile — and the user addresses that figure rather than a text pane.",UI,"Gives the agent a visible body, character, expression, or participant tile.",U10,modality-embodiment-and-output-rendering,"Modality, Embodiment & Output Rendering",10,1,72,Conversational Agent,"The agent is given a rendered body — an animated character, a 3-D figure, an on-screen avatar, a participant tile — and the user addresses that figure rather than a text pane. The body is the locus of the agent's turns: speech, expression, or animation issue from it. Several papers treat embodiment as a graded design variable with the text pane as the low end.","A persistent visual figure with its own extent and position is rendered in the interface, and the system's outputs are attributed to and emitted from that figure rather than from an undifferentiated output region. The figure occupies a slot ordinarily held by a human participant (a tile, a seat, a character in a scene).",111,89,10,43,P10,Personified Agents,C12,"Modality, Embodiment & Output Rendering",active
1.0.0,pat-049,output-spatially-registered-to-the-physical-scene,output spatially registered to the physical scene,"Generated content is placed in the coordinate frame of a real scene, or of captured video of one, and attached to a referent within it rather than to a panel.",UI,Anchors generated content to real-world referents.,U10,modality-embodiment-and-output-rendering,"Modality, Embodiment & Output Rendering",10,2,73,,"Generated content is placed in the coordinate frame of a real scene, or of captured video of one, and attached to a referent within it rather than to a panel. When the referent moves, the output moves with it.","Rendering requires a spatial resolution step: the system extracts positions of referents in the scene and lays out output at those coordinates, so an output element's location is a function of scene geometry rather than of a layout slot. Losing tracking loses placement, not content.",76,51,7,49,P12,In-Situ AR Overlay,C12,"Modality, Embodiment & Output Rendering",active
1.0.0,pat-050,a-generative-pipeline-interposed-between-the-scene-and-the-users-view,a generative pipeline interposed between the scene and the user's view,"A chain of generative transformations is placed inside the user's perceptual path, so that what the user perceives is the pipeline's reconstruction rather than the captured signal.",UI,Makes a generative reconstruction the user's continuous perceptual surface.,U10,modality-embodiment-and-output-rendering,"Modality, Embodiment & Output Rendering",10,3,74,Spatially-Aware Generation,"A chain of generative transformations is placed inside the user's perceptual path, so that what the user perceives is the pipeline's reconstruction rather than the captured signal. The original signal is not shown alongside; it is displaced, and the mediation is continuous and unavoidable while the system is worn or running. The category covers both readings of that arrangement: the plain control-flow case, where the pipeline simply sits between the scene and the display; and the case where the arrangement exists so that a property of the model is conveyed by making the user *undergo* its effects on their own perception rather than by describing, plotting or explaining it. Where a paper states only the experiential purpose, the interposed pipeline is still what is coded.","Capture → transform₁ → … → transformₙ → display, wired in series with no bypass: the sensor's output never reaches the display directly, and the display shows only the terminal transform's output. The chain typically crosses representations (signal → symbolic → signal), and the loss at each crossing is what the user perceives. Transplants to audio (mic → transcript → resynthesis → earpiece), text streams, or any sensed-and-displayed channel. For the experiential reading the same wiring holds, with one additional negative residue: no explanatory or visualization element for the model property being conveyed appears anywhere in the interface.",11,10,4,50,P12,In-Situ AR Overlay,C12,"Modality, Embodiment & Output Rendering",active
1.0.0,pat-060,multiple-input-modalities-and-gestures-accepted-together,multiple input modalities and gestures accepted together,"Two or more physically distinct input channels — typed text, drawn marks, speech, pointing, body pose, GUI controls — are accepted for the same operation.",UI,"Combines or interchanges text, speech, drawing, pointing, pose, and GUI input.",U10,modality-embodiment-and-output-rendering,"Modality, Embodiment & Output Rendering",10,4,75,,"Two or more physically distinct input channels — typed text, drawn marks, speech, pointing, body pose, GUI controls — are accepted for the same operation. They are either fused into one request or freely interchangeable within a single interaction, without a mode change.","The input side of one operation has at least two capture channels feeding a single request object, and the system must fuse or arbitrate between them. The user can switch channels mid-operation without transitioning the interface to a different state, so channel choice is not a mode.",150,88,10,60,P16,Sensory Channel Binding,C12,"Modality, Embodiment & Output Rendering",active
1.0.0,pat-061,physical-objects-and-physical-space-as-the-input-or-output-channel,physical objects and physical space as the input or output channel,"At least one end of the interaction loop lives in matter rather than pixels: objects are grasped, moved, or posed to issue commands, or the system's output is delivered as physical motion, staged space, or a tangible arrangement.",UI,"Uses tangible objects, movement, or spatial arrangements as interface elements.",U10,modality-embodiment-and-output-rendering,"Modality, Embodiment & Output Rendering",10,5,76,,"At least one end of the interaction loop lives in matter rather than pixels: objects are grasped, moved, or posed to issue commands, or the system's output is delivered as physical motion, staged space, or a tangible arrangement. The screen is displaced from that end of the loop.","Either the sensed event that constitutes a command is a physical manipulation of an object or body in space, or the emitted result is actuation or placement in space with no rendered layer required. The interface's layout is described in room coordinates, zones, and objects rather than in windows and widgets.",118,87,8,61,P16,Sensory Channel Binding,C12,"Modality, Embodiment & Output Rendering",active
1.0.0,pat-062,spoken-channel-as-the-interaction-surface-in-place-of-typed-input,spoken channel as the interaction surface in place of typed input,"The user drives the system by speaking, and the spoken utterance occupies the slot that a typed prompt or a direct-manipulation action would otherwise occupy.",UI,Makes speech the operative command or prompting channel.,U10,modality-embodiment-and-output-rendering,"Modality, Embodiment & Output Rendering",10,6,77,,"The user drives the system by speaking, and the spoken utterance occupies the slot that a typed prompt or a direct-manipulation action would otherwise occupy. The system's other controls may still exist, but the contributed interaction is that speech is the channel through which intent enters. Papers in this group either build voice as the sole authoring channel or interrogate what happens when voice is collapsed onto the text pipeline.","An audio-capture channel is the entry point of the control flow; the utterance is converted to an internal command, instruction sequence, or code, and that conversion product is what the rest of the system consumes. Nothing else in the flow requires the user to touch a pointer or keyboard, and the surface that would normally accept typed or pointed input is either absent or bypassed.",118,73,9,62,P16,Sensory Channel Binding,C12,"Modality, Embodiment & Output Rendering",active
1.0.0,pat-063,the-same-content-delivered-in-more-than-one-modality,the same content delivered in more than one modality,"One unit of system output is rendered in two or more sensory or representational channels at once — text plus speech, text plus image plus sound, or one language plus another.",UI,Presents equivalent content through multiple sensory or representational channels.,U10,modality-embodiment-and-output-rendering,"Modality, Embodiment & Output Rendering",10,7,78,,"One unit of system output is rendered in two or more sensory or representational channels at once — text plus speech, text plus image plus sound, or one language plus another. The channels carry the same content rather than complementary content, so the user may take up whichever channel suits them. The duplication is deliberate and built into the generation or rendering step.","A single output item fans out to multiple renderers whose products are presented together (concurrently or in immediate succession), each renderer targeting a different channel. The channels are redundant with respect to content: removing one loses a way of receiving the item but not the item itself.",82,34,9,63,P16,Sensory Channel Binding,C12,"Modality, Embodiment & Output Rendering",active
1.0.0,pat-064,nonvisual-sequential-navigation-through-structure,nonvisual sequential navigation through structure,"A structured artifact is exposed as a traversable graph of positions that the user steps through with discrete commands, with the system's response delivered on a nonvisual channel.",UI,Supports traversal of structured content using nonvisual commands and positional feedback.,U10,modality-embodiment-and-output-rendering,"Modality, Embodiment & Output Rendering",10,8,79,,"A structured artifact is exposed as a traversable graph of positions that the user steps through with discrete commands, with the system's response delivered on a nonvisual channel. Position within the structure is announced, so the user's location is part of the output rather than something read off a display. The artifact is not flattened into a single linear description.","The artifact is parsed into addressable nodes (items, points, layers, regions); the input surface is a small set of discrete move commands (next, previous, into, out of) plus queries; each move emits a nonvisual rendering of the node reached together with an orientation cue naming where in the structure that node sits. The load-bearing property is the *persistent cursor*: state is carried between commands so the same key means different things at different positions. Transplants to any structured content and any nonvisual channel — a directory tree read aloud, a menu stepped through by haptics.",9,7,4,64,P16,Sensory Channel Binding,C12,"Modality, Embodiment & Output Rendering",active
1.0.0,pat-065,screenless-task-delegation-with-no-visual-interface,screenless task delegation with no visual interface,The user hands a whole multi-step task to the system through a non-visual act and then stops attending to it; there is no display at any point in the loop.,UI,Uses a nonvisual handoff as the complete interface to a multi-step task.,U10,modality-embodiment-and-output-rendering,"Modality, Embodiment & Output Rendering",10,9,80,,"The user hands a whole multi-step task to the system through a non-visual act and then stops attending to it; there is no display at any point in the loop. Nothing is shown during execution, and the user cannot inspect progress. The handoff is complete at the moment of the request.","The interaction consists of an initiation gesture, a specification uttered on a non-visual channel, and a terminating signal, with no display surface in the loop and no intermediate state exposed. Structurally this forbids monitoring, mid-flight correction, and selection among alternatives: the control flow has exactly one user decision point, at the start. Transplants to any delegation without a display — a button on a wearable, a voice command to an appliance.",4,2,2,65,P16,Sensory Channel Binding,C12,"Modality, Embodiment & Output Rendering",active
1.0.0,pat-074,the-material-rewritten-as-human-readable-text,the material rewritten as human-readable text,"Material that is not prose — extracted data, code, an algorithmic sequence, a probability, a structure — is converted into natural language and delivered in that form.",UI,Turns non-prose information into a readable language surface.,U10,modality-embodiment-and-output-rendering,"Modality, Embodiment & Output Rendering",10,10,81,,"Material that is not prose — extracted data, code, an algorithmic sequence, a probability, a structure — is converted into natural language and delivered in that form. The prose is the output surface the user actually reads. The conversion is the design move: the same information was already available in a non-verbal form.","A non-prose source representation exists in the system, and a rendering step maps it to running natural language that is placed in the user-facing slot. The mapping is one-way and terminal: the prose is what the user consumes, and any downstream action is taken on the prose rather than on the source. The source may remain visible alongside, but the prose does not need to be re-parsed to be used.",124,65,11,74,P18,Source-to-Surface Rendering,C12,"Modality, Embodiment & Output Rendering",active
1.0.0,pat-076,abstract-output-given-a-viewable-rendered-representation,abstract output given a viewable rendered representation,"The model produces output in a representation the user cannot perceive directly — parameter streams, coordinate sequences, symbolic structures — and the system attaches a renderer that turns it into something viewable.",UI,Adds a deterministic perceptual rendering for otherwise imperceptible output.,U10,modality-embodiment-and-output-rendering,"Modality, Embodiment & Output Rendering",10,11,82,,"The model produces output in a representation the user cannot perceive directly — parameter streams, coordinate sequences, symbolic structures — and the system attaches a renderer that turns it into something viewable. The rendering is not the model's output; it is a display layer chosen by the designer. The user judges the artifact only through that layer.","A rendering stage is inserted between generation and display: the generated representation R is mapped by a fixed, designer-chosen function into a perceptible form V, and only V appears in the interface. The mapping is deterministic and adds no content — everything shown is entailed by R plus fixed rendering assets. Where R is time-varying, V is commonly a sampled sequence laid out spatially. Transplants to sonifying a data stream, plotting a vector, animating a trajectory.",60,29,9,76,P18,Source-to-Surface Rendering,C12,"Modality, Embodiment & Output Rendering",active
1.0.0,pat-078,a-composite-glyph-whose-parts-each-encode-a-named-component-of-one-property,a composite glyph whose parts each encode a named component of one property,"Rather than reusing a standard chart type, the system introduces a new graphical mark whose geometry is designed around the specific property being communicated.",UI,Creates a domain-specific graphical mark with explicit component-to-geometry mappings.,U10,modality-embodiment-and-output-rendering,"Modality, Embodiment & Output Rendering",10,12,83,,"Rather than reusing a standard chart type, the system introduces a new graphical mark whose geometry is designed around the specific property being communicated. The mark's parts each carry a distinct component of that property, and the mapping is defined by the paper. The encoding is a contributed object in its own right, described part by part.","A composite graphical mark is defined by an explicit mapping from named components of the data property to named geometric channels of the mark (sector angle, chord endpoint, block extent, static shape standing for a time-varying quantity). The definition is enumerable — the paper can label the parts — and the mark is instantiated once per unit of data. Transplantable in the sense that any property with named components can be given such a mark; but note that what is shared across instances is the *act of designing* a mark, and the marks themselves have nothing structural in common beyond compositeness.",23,15,6,78,P18,Source-to-Surface Rendering,C12,"Modality, Embodiment & Output Rendering",active
